{"S\u00e3o Paulo": [-46.6269658, -23.5567337], "Kathmandu": [85.3146964, 27.7186378], "Jakarta": [106.8274918, -6.1724718], "Guatemala City": [-90.5289114, 14.6230805], "Ouagadougou": [-1.5266696, 12.3722618], "Libreville": [9.457965, 0.3853886], "Toronto": [-79.38945855491194, 43.66464454743429], "Freetown": [-13.2361616, 8.4719573], "Bloemfontein": [26.2299129, -29.1199939], "Sanaa": [44.2046475, 15.3566792], "Maseru": [27.4832731, -29.3166744], "Bangkok": [100.5146988, 13.7519451], "Abuja": [7.489505042885861, 9.054620406360845], "Port Moresby": [147.1925036, -9.4647078], "Vienna": [16.3646931, 48.2019611], "Vilnius": [25.3166353, 54.6833663], "Praia": [-23.5166889, 14.916698], "London": [-0.1186677, 51.5019406], "Ulaanbaatar": [106.9146699, 47.9186193], "Monrovia": [-10.7996604, 6.3145816], "Reykjav\u00edk": [-21.936546009025054, 64.14345946317033], "\u014csaka": [135.50375419006232, 34.691095244477914], "Belmopan": [-88.767073, 17.2520335], "Majuro": [171.3800002, 7.1030043], "Georgetown": [-58.1670286, 6.8019737], "Kolkata": [88.36912550443886, 22.569578883795778], "Addis Ababa": [38.6980586, 9.0352562], "Kigali": [30.0585859, -1.9516442], "Windhoek": [17.0835461, -22.5700061], "Lima": [-77.052008, -12.0460668], "Luxembourg": [6.1300028, 49.6116604], "Singapore": [103.8538748, 1.2949793], "Bern": [7.4669755, 46.9166828], "La Paz": [-68.151931, -16.4960278], "Palikir": [158.1499743, 6.9166437], "Funafuti": [179.2166471, -8.516652], "Seoul": [126.9977851, 37.568295], "Apia": [-171.76859897688345, -13.835714958212938], "Bishkek": [74.5832584, 42.8750253], "Montevideo": [-56.18682337831074, -34.90537638970807], "Helsinki": [24.932456915043964, 60.16380384948568], "Belgrade": [20.4660448, 44.8205913], "San Marino": [12.4417702, 43.9360958], "Lilongwe": [33.783302, -13.9832951], "Gaborone": [25.9119478, -24.6463135], "Asmara": [38.9333235, 15.3333393], "Auckland": [174.763027, -36.8480549], "Port-au-Prince": [-72.3379804, 18.5429705], "Canberra": [149.1290262, -35.2830285], "Chengdu": [104.0680736, 30.6719459], "Sarajevo": [18.3830017, 43.8500224], "Prague": [14.422939486203868, 50.0869665373215], "Moscow": [37.613577, 55.75411], "The Hague": [4.2699613, 52.0800368], "Suva": [178.4417073, -18.1330159], "Hong Kong": [114.1830635, 22.3069268], "Ljubljana": [14.514969, 46.0552883], "Kingstown": [-61.220236420747256, 13.155756013621149], "Bissau": [-15.5983608, 11.8650238], "Baghdad": [44.3919229, 33.3405944], "S\u00e3o Tom\u00e9": [6.729649806269851, 0.337466406982624], "Tripoli": [13.1800118, 32.8925], "Mal\u00e9": [73.5089005260037, 4.17203699470936], "Lusaka": [28.2813817, -15.4146984], "Dublin": [-6.256979517281132, 53.34673124898314], "Miami": [-80.2260519, 25.7895566], "Luanda": [13.2324812, -8.8363403], "New York": [-73.99571754361698, 40.72156174972766], "Thimphu": [89.639014, 27.4729859], "Taipei": [121.5683333, 25.0358333], "Laayoune": [-13.2000059, 27.1499823], "Melbourne": [144.9730704, -37.8180855], "Abu Dhabi": [54.3665934, 24.4666836], "Nouakchott": [-15.9753404, 18.086427], "Bengaluru": [77.5580639, 12.971941], "Amsterdam": [4.9146943, 52.3519145], "Port Vila": [168.3166406, -17.7333504], "Podgorica": [19.2663069, 42.4659725], "Monaco": [7.4069132, 43.7396457], "Tallinn": [24.7280407, 59.4338774], "Vancouver": [-123.1235901, 49.2753624], "Zagreb": [15.9999947, 45.8000067], "Minsk": [27.5646813, 53.9019233], "Basseterre": [-62.7170093, 17.3020305], "Kampala": [32.5813777, 0.3186048], "Bridgetown": [-59.6165267, 13.1020026], "Bucharest": [26.0980008, 44.4353177], "Putrajaya": [101.6950374044619, 2.932515212266741], "Bandar Seri Begawan": [114.9332841, 4.8833311], "Kyiv": [30.5146821, 50.4353132], "Managua": [-86.2704375, 12.1549624], "Riyadh": [46.720487024887696, 24.634497474837755], "K\u00f8benhavn": [12.5615399, 55.68051], "Istanbul": [28.97427681675554, 41.01760173507249], "Bratislava": [17.1169808, 48.1500183], "Algiers": [3.0486067, 36.7650107], "Amman": [35.9313541, 31.9519711], "Kuwait City": [47.9763553, 29.3716635], "Banjul": [-16.5917015, 13.4538765], "Santo Domingo": [-69.92974231579055, 18.470745058048376], "New Delhi": [77.19998, 28.600023], "Houston": [-95.34843625672217, 29.741272831862542], "Accra": [-0.2186616, 5.5519805], "Nicosia": [33.3666349, 35.1666765], "Ankara": [32.8624458, 39.9291844], "Brazzaville": [15.2827436, -4.2572399], "Beirut": [35.5077624, 33.873921], "Sofia": [23.3147082, 42.6852953], "Jerusalem": [35.2066259, 31.7784078], "Tehran": [51.4223982, 35.6738886], "Victoria": [55.4499898, -4.6166317], "Valpara\u00edso": [-71.61702619154609, -33.04773936269631], "Valletta": [14.5147107, 35.8997325], "Dubai": [55.28694561354246, 25.21491189371225], "Vaduz": [9.5166695, 47.1337238], "Kuala Lumpur": [101.68869929106194, 3.13979694393525], "Juba": [31.5800256, 4.8299752], "Vientiane": [102.59998, 17.9666927], "Naypyidaw": [96.1166727, 19.7685029], "Kingston": [-76.7674337, 17.9770766], "Porto-Novo": [2.6166255, 6.483311], "\u00dcr\u00fcmqi": [87.5730598, 43.8069581], "Budapest": [19.0813748, 47.5019522], "Maputo": [32.5872171, -25.9533316], "Rabat": [-6.8364082, 34.0253073], "Monterrey": [-100.3319306, 25.671941], "Nuku'alofa": [-175.2205645, -21.1385124], "Conakry": [-13.6821809, 9.5334687], "Melekeok": [134.6265485, 7.4873962], "Riga": [24.0999654, 56.9500238], "Nassau": [-77.3500438, 25.0833901], "Santiago": [-70.65050407285783, -33.44020506918074], "Tegucigalpa": [-87.2194752, 14.1039908], "Brussels": [4.3313707, 50.8352629], "Cape Town": [18.4330423, -33.9180651], "Abidjan": [-4.020206835187587, 5.323126072244571], "Nairobi": [36.814711, -1.2814009], "Dodoma": [35.7500036, -6.1833061], "Dhaka": [90.4066336, 23.7250056], "Bangui": [18.5582881, 4.3666443], "Athens": [23.7313752, 37.9852721], "Yerevan": [44.5116055, 40.1830966], "Paramaribo": [-55.1670309, 5.8350301], "San Francisco": [-122.39959956304557, 37.784262651527904], "Atlanta": [-84.36764186571386, 33.73945728378348], "Yaound\u00e9": [11.5147049, 3.8686465], "Phnom Penh": [104.9146886, 11.551976], "Yangon": [96.1647318, 16.7853], "Baguio": [120.5699426, 16.4299907], "San Jos\u00e9": [-84.07881396964633, 9.930370727948475], "Tarawa": [173.0175708, 1.3381875], "Lobamba": [31.1999971, -26.4666675], "Wellington": [174.77720094690068, -41.2920679923151], "Moroni": [43.2402441, -11.7041577], "Tirana": [19.818883, 41.3275407], "Stockholm": [18.066300168534497, 59.324127204007475], "Cotonou": [2.404354790887952, 6.362980392242672], "Yamoussoukro": [-5.2755026, 6.818381], "Warsaw": [21.005346737742283, 52.23087197353951], "Cairo": [31.2480224, 30.0519062], "Baku": [49.8602713, 40.3972179], "Islamabad": [73.08063017764825, 33.689368483707085], "Mogadishu": [45.3647318, 2.0686272], "Manila": [120.9802713, 14.6061048], "Mexico City": [-99.1329341, 19.4443883], "Harare": [31.0427636, -17.8158438], "Geneva": [6.140028, 46.2100075], "Bamako": [-8.001985, 12.6519605], "Vatican City": [12.4533865, 41.9032822], "Dushanbe": [68.7738794, 38.5600352], "Rome": [12.4813126, 41.8979015], "Casablanca": [-7.6183133, 33.6019221], "Kyoto": [135.7480521, 35.0319381], "Mbabane": [31.1333345, -26.3166508], "Asunci\u00f3n": [-57.62583375528301, -25.29067083610963], "Dakar": [-17.475076, 14.7177776], "Manama": [50.5830517, 26.2361363], "N'Djamena": [15.0472025, 12.1150424], "Denver": [-104.9859618, 39.7411339], "Port Louis": [57.4999939, -20.1666386], "Buenos Aires": [-58.43251268766426, -34.61071459139255], "Kabul": [69.1813142, 34.5186361], "Mumbai": [72.8758393972653, 19.06840847529168], "Bogota": [-74.0852898, 4.5983694], "Tunis": [10.1796781, 36.8027781], "Saint George's": [-61.7416432, 12.0526334], "Bir Lehlou": [-9.6525222, 26.1191667], "Nur-Sultan": [71.4277742, 51.1811253], "Berlin": [13.3996028, 52.5237645], "Andorra": [1.526594255165481, 42.5107534941671], "Doha": [51.5329679, 25.286556], "Ottawa": [-75.7019612, 45.4186427], "Pyongyang": [125.7527449, 39.0213846], "Tokyo": [139.7494616, 35.6869628], "Los Angeles": [-118.23198647223317, 34.049219260337075],